{
  "0.23700000000000002": {
    "normalized": -3.949628498462353,
    "link_mbps": 2.37
  },
  "0.376": {
    "normalized": -7.2208585490802335,
    "link_mbps": 3.76
  },
  "0.596": {
    "normalized": -5.196785598012209,
    "link_mbps": 5.96
  },
  "0.946": {
    "normalized": -1.5723467454681486,
    "link_mbps": 9.459999999999999
  },
  "1.5": {
    "normalized": -0.8639964078346456,
    "link_mbps": 15.0
  },
  "2.379": {
    "normalized": -3.158378276264959,
    "link_mbps": 23.79
  },
  "3.7730000000000006": {
    "normalized": -4.355605858606614,
    "link_mbps": 37.730000000000004
  },
  "5.983": {
    "normalized": -0.7443180793170132,
    "link_mbps": 59.83
  },
  "9.49": {
    "normalized": -4.730255557678756,
    "link_mbps": 94.9
  }
}