{
  "0.23700000000000002": {
    "normalized": -1.8643117842085295,
    "link_mbps": 2.37
  },
  "0.376": {
    "normalized": -1.5881286230583258,
    "link_mbps": 3.76
  },
  "0.596": {
    "normalized": -1.8524882018782929,
    "link_mbps": 5.96
  },
  "0.946": {
    "normalized": -2.6330189194982,
    "link_mbps": 9.459999999999999
  },
  "1.5": {
    "normalized": -1.063167608504078,
    "link_mbps": 15.0
  },
  "2.379": {
    "normalized": -2.005985960011527,
    "link_mbps": 23.79
  },
  "3.7730000000000006": {
    "normalized": -1.6070586698422917,
    "link_mbps": 37.730000000000004
  },
  "5.983": {
    "normalized": -1.5696642802301892,
    "link_mbps": 59.83
  },
  "9.49": {
    "normalized": -1.9203684857204137,
    "link_mbps": 94.9
  }
}