{
  "0.23700000000000002": {
    "normalized": -1.499526278027508,
    "link_mbps": 2.37
  },
  "0.376": {
    "normalized": -1.3495413942791399,
    "link_mbps": 3.76
  },
  "0.596": {
    "normalized": -1.7798673649368337,
    "link_mbps": 5.96
  },
  "0.946": {
    "normalized": -1.808474723745253,
    "link_mbps": 9.459999999999999
  },
  "1.5": {
    "normalized": -2.266448756165951,
    "link_mbps": 15.0
  },
  "2.379": {
    "normalized": -1.1345247387149608,
    "link_mbps": 23.79
  },
  "3.7730000000000006": {
    "normalized": -8.665172147615571,
    "link_mbps": 37.730000000000004
  },
  "5.983": {
    "normalized": -2.015783428147269,
    "link_mbps": 59.83
  },
  "9.49": {
    "normalized": -1.765477375752186,
    "link_mbps": 94.9
  }
}