{
  "0.23700000000000002": {
    "normalized": -6.16904871838407,
    "link_mbps": 2.37
  },
  "0.376": {
    "normalized": -4.260847467571128,
    "link_mbps": 3.76
  },
  "0.596": {
    "normalized": -1.1181253647927036,
    "link_mbps": 5.96
  },
  "0.946": {
    "normalized": -1.163018414997502,
    "link_mbps": 9.459999999999999
  },
  "1.5": {
    "normalized": -1.269340342586268,
    "link_mbps": 15.0
  },
  "2.379": {
    "normalized": -6.4120842991389475,
    "link_mbps": 23.79
  },
  "3.7730000000000006": {
    "normalized": -1.5296860112584572,
    "link_mbps": 37.730000000000004
  },
  "5.983": {
    "normalized": -3.4692218804846253,
    "link_mbps": 59.83
  },
  "9.49": {
    "normalized": -1.9562476929359724,
    "link_mbps": 94.9
  }
}