{
  "0.23700000000000002": {
    "normalized": -6.918190175970448,
    "link_mbps": 2.37
  },
  "0.376": {
    "normalized": -0.9904177874366658,
    "link_mbps": 3.76
  },
  "0.596": {
    "normalized": -0.928496363096812,
    "link_mbps": 5.96
  },
  "0.946": {
    "normalized": -0.6828620780451911,
    "link_mbps": 9.459999999999999
  },
  "1.5": {
    "normalized": -0.7567672382450177,
    "link_mbps": 15.0
  },
  "2.379": {
    "normalized": -0.8877805420616081,
    "link_mbps": 23.79
  },
  "3.7730000000000006": {
    "normalized": -0.9361079052666805,
    "link_mbps": 37.730000000000004
  },
  "5.983": {
    "normalized": -0.9002500881274718,
    "link_mbps": 59.83
  },
  "9.49": {
    "normalized": -0.949971672803259,
    "link_mbps": 94.9
  }
}