{
  "0.23700000000000002": {
    "normalized": -1.3003868083282497,
    "link_mbps": 2.37
  },
  "0.376": {
    "normalized": -1.148747043060639,
    "link_mbps": 3.76
  },
  "0.596": {
    "normalized": -1.3380095871597713,
    "link_mbps": 5.96
  },
  "0.946": {
    "normalized": -1.1045538938367394,
    "link_mbps": 9.459999999999999
  },
  "1.5": {
    "normalized": -1.7334248653342108,
    "link_mbps": 15.0
  },
  "2.379": {
    "normalized": -1.4471738872649682,
    "link_mbps": 23.79
  },
  "3.7730000000000006": {
    "normalized": -1.2797342201890682,
    "link_mbps": 37.730000000000004
  },
  "5.983": {
    "normalized": -1.4347260846453147,
    "link_mbps": 59.83
  },
  "9.49": {
    "normalized": -1.8077828537568825,
    "link_mbps": 94.9
  }
}