{
  "0.23700000000000002": {
    "normalized": -1.5921474805234597,
    "link_mbps": 2.37
  },
  "0.376": {
    "normalized": -1.6791080158382807,
    "link_mbps": 3.76
  },
  "0.596": {
    "normalized": -1.2499704616331024,
    "link_mbps": 5.96
  },
  "0.946": {
    "normalized": -1.086171561723392,
    "link_mbps": 9.459999999999999
  },
  "1.5": {
    "normalized": -1.3777585753875274,
    "link_mbps": 15.0
  },
  "2.379": {
    "normalized": -2.020299286043958,
    "link_mbps": 23.79
  },
  "3.7730000000000006": {
    "normalized": -2.8904767973027186,
    "link_mbps": 37.730000000000004
  },
  "5.983": {
    "normalized": -3.4138762975313597,
    "link_mbps": 59.83
  },
  "9.49": {
    "normalized": -4.075125680481817,
    "link_mbps": 94.9
  }
}