{
  "0.23700000000000002": {
    "normalized": -5.747222654022925,
    "link_mbps": 2.37
  },
  "0.376": {
    "normalized": -1.7053718671276414,
    "link_mbps": 3.76
  },
  "0.596": {
    "normalized": -1.4349172939319006,
    "link_mbps": 5.96
  },
  "0.946": {
    "normalized": -3.337125354958731,
    "link_mbps": 9.459999999999999
  },
  "1.5": {
    "normalized": -1.5134907084607454,
    "link_mbps": 15.0
  },
  "2.379": {
    "normalized": -1.1145063743488126,
    "link_mbps": 23.79
  },
  "3.7730000000000006": {
    "normalized": -0.8856590438046867,
    "link_mbps": 37.730000000000004
  },
  "5.983": {
    "normalized": -1.487875587812752,
    "link_mbps": 59.83
  },
  "9.49": {
    "normalized": -5.346897027299388,
    "link_mbps": 94.9
  }
}