{
  "0.23700000000000002": {
    "normalized": -4.7966548206960224,
    "link_mbps": 2.37
  },
  "0.376": {
    "normalized": -6.303906621171285,
    "link_mbps": 3.76
  },
  "0.596": {
    "normalized": -0.9881014514521634,
    "link_mbps": 5.96
  },
  "0.946": {
    "normalized": -1.5439414821628643,
    "link_mbps": 9.459999999999999
  },
  "1.5": {
    "normalized": -6.0482545917350805,
    "link_mbps": 15.0
  },
  "2.379": {
    "normalized": -0.9613081125303071,
    "link_mbps": 23.79
  },
  "3.7730000000000006": {
    "normalized": -4.552983483769053,
    "link_mbps": 37.730000000000004
  },
  "5.983": {
    "normalized": -1.0380509530212523,
    "link_mbps": 59.83
  },
  "9.49": {
    "normalized": -1.1944999387058428,
    "link_mbps": 94.9
  }
}