{
  "1": {
    "throughput": 0.4686,
    "delay": 175.83477738044826,
    "utility": -13.269680888238144,
    "normalized": -0.9169152480508018
  },
  "2": {
    "throughput": 0.5663933333333333,
    "delay": 171.81343442645226,
    "utility": -13.649266934044812,
    "normalized": -0.7844116490153417
  },
  "5": {
    "throughput": 0.7156533333333333,
    "delay": 178.91131494093992,
    "utility": -13.028796566635208,
    "normalized": -0.7214437441644007
  },
  "10": {
    "throughput": 0.8036933333333334,
    "delay": 163.145539108222,
    "utility": -13.100317021557888,
    "normalized": -0.729573335910702
  },
  "20": {
    "throughput": 1.0288933333333334,
    "delay": 163.1592962382536,
    "utility": -13.073878356660012,
    "normalized": -0.7160188677258104
  },
  "50": {
    "throughput": 1.2833400000000001,
    "delay": 177.38337374501714,
    "utility": -13.503671348932107,
    "normalized": -0.9692169352097414
  },
  "100": {
    "throughput": 1.4612333333333334,
    "delay": 176.3970426370389,
    "utility": -13.112263158461005,
    "normalized": -0.8265005034278057
  }
}