{
  "0.23700000000000002": {
    "normalized": -1.9377262152168717,
    "link_mbps": 2.37
  },
  "0.376": {
    "normalized": -2.2483785659368136,
    "link_mbps": 3.76
  },
  "0.596": {
    "normalized": -1.6795143837398872,
    "link_mbps": 5.96
  },
  "0.946": {
    "normalized": -1.255244902877457,
    "link_mbps": 9.459999999999999
  },
  "1.5": {
    "normalized": -1.7265835817545485,
    "link_mbps": 15.0
  },
  "2.379": {
    "normalized": -1.2573665998863182,
    "link_mbps": 23.79
  },
  "3.7730000000000006": {
    "normalized": -1.7889343329420901,
    "link_mbps": 37.730000000000004
  },
  "5.983": {
    "normalized": -1.7217860688156392,
    "link_mbps": 59.83
  },
  "9.49": {
    "normalized": -2.2627804306856696,
    "link_mbps": 94.9
  }
}