{
  "0.23700000000000002": {
    "normalized": -2.1054308564571413,
    "link_mbps": 2.37
  },
  "0.376": {
    "normalized": -1.9088742607539182,
    "link_mbps": 3.76
  },
  "0.596": {
    "normalized": -1.4505804704149292,
    "link_mbps": 5.96
  },
  "0.946": {
    "normalized": -0.9064444276867843,
    "link_mbps": 9.459999999999999
  },
  "1.5": {
    "normalized": -1.5078226917324629,
    "link_mbps": 15.0
  },
  "2.379": {
    "normalized": -1.0681863133058669,
    "link_mbps": 23.79
  },
  "3.7730000000000006": {
    "normalized": -1.0698089459121989,
    "link_mbps": 37.730000000000004
  },
  "5.983": {
    "normalized": -1.339340991696555,
    "link_mbps": 59.83
  },
  "9.49": {
    "normalized": -1.1497747573395178,
    "link_mbps": 94.9
  }
}