{
  "0.23700000000000002": {
    "normalized": -10.317502217456564,
    "link_mbps": 2.37
  },
  "0.376": {
    "normalized": -5.960381758779082,
    "link_mbps": 3.76
  },
  "0.596": {
    "normalized": -9.943340973809853,
    "link_mbps": 5.96
  },
  "0.946": {
    "normalized": -2.49419891205989,
    "link_mbps": 9.459999999999999
  },
  "1.5": {
    "normalized": -2.539087941608611,
    "link_mbps": 15.0
  },
  "2.379": {
    "normalized": -9.28271171436177,
    "link_mbps": 23.79
  },
  "3.7730000000000006": {
    "normalized": -2.6776745727400106,
    "link_mbps": 37.730000000000004
  },
  "5.983": {
    "normalized": -7.388173952732254,
    "link_mbps": 59.83
  },
  "9.49": {
    "normalized": -4.685792435805802,
    "link_mbps": 94.9
  }
}