{
  "0.23700000000000002": {
    "normalized": -3.5036415815402333,
    "link_mbps": 2.37
  },
  "0.376": {
    "normalized": -2.1246890458748524,
    "link_mbps": 3.76
  },
  "0.596": {
    "normalized": -1.9019221005084765,
    "link_mbps": 5.96
  },
  "0.946": {
    "normalized": -1.0901321366256247,
    "link_mbps": 9.459999999999999
  },
  "1.5": {
    "normalized": -1.046221664781908,
    "link_mbps": 15.0
  },
  "2.379": {
    "normalized": -0.9365904104994138,
    "link_mbps": 23.79
  },
  "3.7730000000000006": {
    "normalized": -1.0041535747464723,
    "link_mbps": 37.730000000000004
  },
  "5.983": {
    "normalized": -1.0271430294110964,
    "link_mbps": 59.83
  },
  "9.49": {
    "normalized": -1.5295120974462901,
    "link_mbps": 94.9
  }
}