{
  "runs": {
    "constant_r1": {
      "2.37": -6.918190175970448,
      "3.76": -0.9904177874366658,
      "5.96": -0.928496363096812,
      "9.459999999999999": -0.6828620780451911,
      "15.0": -0.7567672382450177,
      "23.79": -0.8877805420616081,
      "37.730000000000004": -0.9361079052666805,
      "59.83": -0.9002500881274718,
      "94.9": -0.949971672803259
    },
    "constant_r2": {
      "2.37": -1.5921474805234597,
      "3.76": -1.6791080158382807,
      "5.96": -1.2499704616331024,
      "9.459999999999999": -1.086171561723392,
      "15.0": -1.3777585753875274,
      "23.79": -2.020299286043958,
      "37.730000000000004": -2.8904767973027186,
      "59.83": -3.4138762975313597,
      "94.9": -4.075125680481817
    },
    "constant_r3": {
      "2.37": -5.750409213679651,
      "3.76": -1.2136669678274217,
      "5.96": -1.3268056626102838,
      "9.459999999999999": -1.3796892993153014,
      "15.0": -1.6016840090861793,
      "23.79": -7.053709175557227,
      "37.730000000000004": -5.003499583220876,
      "59.83": -4.491551673960041,
      "94.9": -2.138305620145916
    },
    "aimd_r1": {
      "2.37": -1.684214480892088,
      "3.76": -1.996091888518822,
      "5.96": -1.1395089584241282,
      "9.459999999999999": -4.652909750684351,
      "15.0": -4.974778349441094,
      "23.79": -8.372298677385539,
      "37.730000000000004": -2.8504608816903767,
      "59.83": -4.207902517616253,
      "94.9": -0.8086394372691768
    },
    "aimd_r2": {
      "2.37": -4.7966548206960224,
      "3.76": -6.303906621171285,
      "5.96": -0.9881014514521634,
      "9.459999999999999": -1.5439414821628643,
      "15.0": -6.0482545917350805,
      "23.79": -0.9613081125303071,
      "37.730000000000004": -4.552983483769053,
      "59.83": -1.0380509530212523,
      "94.9": -1.1944999387058428
    },
    "aimd_r3": {
      "2.37": -5.747222654022925,
      "3.76": -1.7053718671276414,
      "5.96": -1.4349172939319006,
      "9.459999999999999": -3.337125354958731,
      "15.0": -1.5134907084607454,
      "23.79": -1.1145063743488126,
      "37.730000000000004": -0.8856590438046867,
      "59.83": -1.487875587812752,
      "94.9": -5.346897027299388
    },
    "pacing_r1": {
      "2.37": -1.3003868083282497,
      "3.76": -1.148747043060639,
      "5.96": -1.3380095871597713,
      "9.459999999999999": -1.1045538938367394,
      "15.0": -1.7334248653342108,
      "23.79": -1.4471738872649682,
      "37.730000000000004": -1.2797342201890682,
      "59.83": -1.4347260846453147,
      "94.9": -1.8077828537568825
    },
    "pacing_r2": {
      "2.37": -1.8643117842085295,
      "3.76": -1.5881286230583258,
      "5.96": -1.8524882018782929,
      "9.459999999999999": -2.6330189194982,
      "15.0": -1.063167608504078,
      "23.79": -2.005985960011527,
      "37.730000000000004": -1.6070586698422917,
      "59.83": -1.5696642802301892,
      "94.9": -1.9203684857204137
    },
    "pacing_r3": {
      "2.37": -1.499526278027508,
      "3.76": -1.3495413942791399,
      "5.96": -1.7798673649368337,
      "9.459999999999999": -1.808474723745253,
      "15.0": -2.266448756165951,
      "23.79": -1.1345247387149608,
      "37.730000000000004": -8.665172147615571,
      "59.83": -2.015783428147269,
      "94.9": -1.765477375752186
    },
    "copa_r1": {
      "2.37": -6.16904871838407,
      "3.76": -4.260847467571128,
      "5.96": -1.1181253647927036,
      "9.459999999999999": -1.163018414997502,
      "15.0": -1.269340342586268,
      "23.79": -6.4120842991389475,
      "37.730000000000004": -1.5296860112584572,
      "59.83": -3.4692218804846253,
      "94.9": -1.9562476929359724
    },
    "copa_r2": {
      "2.37": -3.949628498462353,
      "3.76": -7.2208585490802335,
      "5.96": -5.196785598012209,
      "9.459999999999999": -1.5723467454681486,
      "15.0": -0.8639964078346456,
      "23.79": -3.158378276264959,
      "37.730000000000004": -4.355605858606614,
      "59.83": -0.7443180793170132,
      "94.9": -4.730255557678756
    },
    "copa_r3": {
      "2.37": -1.1969516054074067,
      "3.76": -1.8269590284160389,
      "5.96": -1.07878572017322,
      "9.459999999999999": -1.3534037530888239,
      "15.0": -1.1303658343491854,
      "23.79": -1.1356732442271467,
      "37.730000000000004": -1.5123096019807578,
      "59.83": -1.7120199611876765,
      "94.9": -1.7707772451653965
    }
  },
  "remy_comparison": {}
}