{
  "0.23700000000000002": {
    "normalized": -5.750409213679651,
    "link_mbps": 2.37
  },
  "0.376": {
    "normalized": -1.2136669678274217,
    "link_mbps": 3.76
  },
  "0.596": {
    "normalized": -1.3268056626102838,
    "link_mbps": 5.96
  },
  "0.946": {
    "normalized": -1.3796892993153014,
    "link_mbps": 9.459999999999999
  },
  "1.5": {
    "normalized": -1.6016840090861793,
    "link_mbps": 15.0
  },
  "2.379": {
    "normalized": -7.053709175557227,
    "link_mbps": 23.79
  },
  "3.7730000000000006": {
    "normalized": -5.003499583220876,
    "link_mbps": 37.730000000000004
  },
  "5.983": {
    "normalized": -4.491551673960041,
    "link_mbps": 59.83
  },
  "9.49": {
    "normalized": -2.138305620145916,
    "link_mbps": 94.9
  }
}