{
  "0.23700000000000002": {
    "normalized": -0.5380772379049248,
    "link_mbps": 2.37
  },
  "0.376": {
    "normalized": -0.6138037692414551,
    "link_mbps": 3.76
  },
  "0.596": {
    "normalized": -0.5619314105315946,
    "link_mbps": 5.96
  },
  "0.946": {
    "normalized": -1.2126688289219274,
    "link_mbps": 9.459999999999999
  },
  "1.5": {
    "normalized": -0.7645170630056437,
    "link_mbps": 15.0
  },
  "2.379": {
    "normalized": -0.7551179818530311,
    "link_mbps": 23.79
  },
  "3.7730000000000006": {
    "normalized": -0.994193350889974,
    "link_mbps": 37.730000000000004
  },
  "5.983": {
    "normalized": -0.5771436090812764,
    "link_mbps": 59.83
  },
  "9.49": {
    "normalized": -0.8377255603666266,
    "link_mbps": 94.9
  }
}