{
  "AIMD": {
    "1": {
      "throughput": 0.4602666666666667,
      "delay": 158.61082994364838,
      "utility": -13.179880707844049,
      "normalized": -0.8317675447326736
    },
    "2": {
      "throughput": 0.44833333333333336,
      "delay": 192.43955699456342,
      "utility": -13.57753091275963,
      "normalized": -1.0470235301605029
    },
    "5": {
      "throughput": 0.45393999999999995,
      "delay": 196.53512543930228,
      "utility": -14.692292283482558,
      "normalized": -1.1437730752471453
    },
    "10": {
      "throughput": 0.65674,
      "delay": 189.78871079931903,
      "utility": -14.032892532676664,
      "normalized": -0.8963841641391508
    },
    "20": {
      "throughput": 0.7429266666666667,
      "delay": 187.74628560533105,
      "utility": -13.83803936512333,
      "normalized": -1.0379201110881038
    },
    "50": {
      "throughput": 0.8258933333333334,
      "delay": 201.71602091841072,
      "utility": -14.370241012366147,
      "normalized": -1.1305664971555334
    },
    "100": {
      "throughput": 0.87804,
      "delay": 193.72334429108804,
      "utility": -14.764698079329966,
      "normalized": -1.3440415500645997
    }
  },
  "Copa": {
    "1": {
      "throughput": 0.5809,
      "delay": 174.26392607815572,
      "utility": -12.857733570151638,
      "normalized": -0.69311232643878
    },
    "2": {
      "throughput": 0.45932666666666666,
      "delay": 192.03905228441403,
      "utility": -13.756687208932382,
      "normalized": -1.0378866683167427
    },
    "5": {
      "throughput": 0.46869999999999995,
      "delay": 196.64949383564877,
      "utility": -14.86900263323173,
      "normalized": -1.1281918742272712
    },
    "10": {
      "throughput": 0.5849,
      "delay": 223.2624014997272,
      "utility": -14.127999051380252,
      "normalized": -1.1368283204207268
    },
    "20": {
      "throughput": 0.8460000000000001,
      "delay": 191.2582680265301,
      "utility": -13.649413777017477,
      "normalized": -0.9553938546425395
    },
    "50": {
      "throughput": 0.8427933333333332,
      "delay": 188.83111429889408,
      "utility": -14.532003638575144,
      "normalized": -1.1168804348922357
    },
    "100": {
      "throughput": 0.8827866666666667,
      "delay": 183.59234026825374,
      "utility": -15.262484269963327,
      "normalized": -1.2581414408274778
    }
  },
  "SS-AIMD": {
    "1": {
      "throughput": 0.4711,
      "delay": 180.07500911781707,
      "utility": -13.277902399123516,
      "normalized": -0.9354230805887533
    },
    "2": {
      "throughput": 0.41513333333333335,
      "delay": 162.3976649186972,
      "utility": -14.201162145201526,
      "normalized": -1.0157578347942855
    },
    "5": {
      "throughput": 0.51952,
      "delay": 170.2779320853236,
      "utility": -14.97884429045267,
      "normalized": -1.0233098196735684
    },
    "10": {
      "throughput": 0.58382,
      "delay": 168.6780310930122,
      "utility": -14.475636622227517,
      "normalized": -0.9317213385466042
    },
    "20": {
      "throughput": 0.7375066666666666,
      "delay": 168.802553680252,
      "utility": -14.055292980785813,
      "normalized": -1.0431781463341385
    },
    "50": {
      "throughput": 0.8166933333333333,
      "delay": 170.8565079258025,
      "utility": -14.930231683008879,
      "normalized": -1.1315155304666993
    },
    "100": {
      "throughput": 0.8254066666666666,
      "delay": 171.4365876760031,
      "utility": -15.0713016335263,
      "normalized": -1.3118037669762708
    }
  },
  "Constant": {
    "1": {
      "throughput": 0.0074333333333333335,
      "delay": 151.0,
      "utility": -21.31320384287541,
      "normalized": -4.908425431902843
    },
    "2": {
      "throughput": 0.006013333333333333,
      "delay": 151.03265626245346,
      "utility": -21.80006591930951,
      "normalized": -5.139588014133864
    },
    "5": {
      "throughput": 0.0057599999999999995,
      "delay": 151.17076516370912,
      "utility": -21.880841133074274,
      "normalized": -5.1821870880108944
    },
    "10": {
      "throughput": 0.005993333333333334,
      "delay": 151.3655308636003,
      "utility": -21.70606700545246,
      "normalized": -5.1400601147230045
    },
    "20": {
      "throughput": 0.005686666666666667,
      "delay": 151.66108985016373,
      "utility": -21.82121379877929,
      "normalized": -5.196813511744815
    },
    "50": {
      "throughput": 0.00584,
      "delay": 152.25759720064477,
      "utility": -21.797540230699433,
      "normalized": -5.178032141222014
    },
    "100": {
      "throughput": 0.00588,
      "delay": 152.91570108523692,
      "utility": -21.793609808112045,
      "normalized": -5.17661224070171
    }
  }
}