{
  "0.237": {
    "mean": -1.787915,
    "std": 0.539716,
    "scores": [
      -1.29588,
      -2.471414,
      -1.800625,
      -2.288403,
      -1.083255
    ]
  },
  "0.376": {
    "mean": -2.494842,
    "std": 0.688729,
    "scores": [
      -1.76726,
      -3.32968,
      -1.760967,
      -2.355103,
      -3.261201
    ]
  },
  "0.596": {
    "mean": -2.882118,
    "std": 0.795071,
    "scores": [
      -2.84618,
      -3.79438,
      -1.540724,
      -2.656562,
      -3.572743
    ]
  },
  "0.946": {
    "mean": -2.653172,
    "std": 0.901389,
    "scores": [
      -1.517904,
      -3.48028,
      -1.814525,
      -2.622981,
      -3.830172
    ]
  },
  "1.5": {
    "mean": -2.761413,
    "std": 1.071736,
    "scores": [
      -1.612707,
      -3.95652,
      -1.586668,
      -2.626058,
      -4.025114
    ]
  },
  "2.379": {
    "mean": -2.790064,
    "std": 1.198776,
    "scores": [
      -3.155852,
      -3.962596,
      -1.364618,
      -1.384846,
      -4.082406
    ]
  },
  "3.773": {
    "mean": -2.866568,
    "std": 1.177319,
    "scores": [
      -2.049177,
      -4.153067,
      -1.201356,
      -2.716649,
      -4.212592
    ]
  },
  "5.983": {
    "mean": -2.625323,
    "std": 1.198477,
    "scores": [
      -1.174172,
      -3.722396,
      -1.364423,
      -2.733393,
      -4.132232
    ]
  },
  "9.49": {
    "mean": -2.992958,
    "std": 1.088026,
    "scores": [
      -2.312164,
      -4.207606,
      -1.451799,
      -2.755784,
      -4.237436
    ]
  }
}