{
  "1": {
    "throughput": 0.5434,
    "delay": 179.8496056677161,
    "utility": -13.075567445172512,
    "normalized": -0.7913952654708176
  },
  "2": {
    "throughput": 0.32148666666666664,
    "delay": 175.42465219125515,
    "utility": -14.295049161528453,
    "normalized": -1.335458814754003
  },
  "5": {
    "throughput": 0.3683466666666667,
    "delay": 175.1645501897758,
    "utility": -13.966628996524554,
    "normalized": -1.2290938928206316
  },
  "10": {
    "throughput": 0.43049333333333334,
    "delay": 176.80862286788098,
    "utility": -13.995205795787076,
    "normalized": -1.115737215094181
  },
  "20": {
    "throughput": 0.35374,
    "delay": 177.2859161198193,
    "utility": -14.398779433839556,
    "normalized": -1.3225211916040702
  },
  "50": {
    "throughput": 0.6556533333333333,
    "delay": 175.95240022716123,
    "utility": -14.964297566691204,
    "normalized": -1.6325998771428314
  },
  "100": {
    "throughput": 0.3524466666666667,
    "delay": 174.39449118645757,
    "utility": -15.605744204759187,
    "normalized": -1.561095910010327
  }
}