{
  "Copa": {
    "0.237": {
      "mean": -1.417946,
      "std": 0.127548,
      "scores": [
        -1.611298,
        -1.476636,
        -1.422314,
        -1.228015,
        -1.351467
      ]
    },
    "0.376": {
      "mean": -1.389908,
      "std": 0.216998,
      "scores": [
        -1.629076,
        -1.665481,
        -1.24274,
        -1.125232,
        -1.287012
      ]
    },
    "0.596": {
      "mean": -1.554486,
      "std": 0.143364,
      "scores": [
        -1.662802,
        -1.307872,
        -1.72188,
        -1.510174,
        -1.569702
      ]
    },
    "0.946": {
      "mean": -1.835114,
      "std": 0.330099,
      "scores": [
        -2.123826,
        -1.4106,
        -1.773293,
        -1.574822,
        -2.29303
      ]
    },
    "1.500": {
      "mean": -1.739243,
      "std": 0.304385,
      "scores": [
        -2.026646,
        -2.093944,
        -1.70686,
        -1.618652,
        -1.250112
      ]
    },
    "2.379": {
      "mean": -1.91216,
      "std": 0.384878,
      "scores": [
        -2.299837,
        -1.408443,
        -2.395378,
        -1.594923,
        -1.862219
      ]
    },
    "3.773": {
      "mean": -2.153697,
      "std": 0.476705,
      "scores": [
        -2.420119,
        -1.4304,
        -2.767443,
        -1.798574,
        -2.351948
      ]
    },
    "5.983": {
      "mean": -1.792389,
      "std": 0.416297,
      "scores": [
        -2.293147,
        -1.182734,
        -1.478295,
        -1.836606,
        -2.171162
      ]
    },
    "9.490": {
      "mean": -2.747268,
      "std": 1.069578,
      "scores": [
        -1.817303,
        -2.24568,
        -2.042956,
        -2.859546,
        -4.770853
      ]
    }
  },
  "AIMD": {
    "0.237": {
      "mean": -1.202175,
      "std": 0.12137,
      "scores": [
        -1.028703,
        -1.230405,
        -1.112221,
        -1.260556,
        -1.378992
      ]
    },
    "0.376": {
      "mean": -1.680647,
      "std": 0.39804,
      "scores": [
        -2.010012,
        -1.330591,
        -2.2629,
        -1.220331,
        -1.579402
      ]
    },
    "0.596": {
      "mean": -1.493022,
      "std": 0.12232,
      "scores": [
        -1.662802,
        -1.306073,
        -1.584001,
        -1.451985,
        -1.460251
      ]
    },
    "0.946": {
      "mean": -1.860779,
      "std": 0.267671,
      "scores": [
        -2.017674,
        -1.528416,
        -1.773293,
        -1.691483,
        -2.29303
      ]
    },
    "1.500": {
      "mean": -1.706617,
      "std": 0.331315,
      "scores": [
        -2.075429,
        -2.093944,
        -1.625779,
        -1.487818,
        -1.250112
      ]
    },
    "2.379": {
      "mean": -1.919381,
      "std": 0.39235,
      "scores": [
        -2.33594,
        -1.408443,
        -2.395378,
        -1.594923,
        -1.862219
      ]
    },
    "3.773": {
      "mean": -2.225148,
      "std": 0.54925,
      "scores": [
        -2.420119,
        -1.175148,
        -2.767443,
        -2.493047,
        -2.269984
      ]
    },
    "5.983": {
      "mean": -1.901573,
      "std": 0.348596,
      "scores": [
        -2.420299,
        -1.540747,
        -1.53905,
        -1.836606,
        -2.171162
      ]
    },
    "9.490": {
      "mean": -2.588253,
      "std": 1.197379,
      "scores": [
        -1.8192,
        -1.345553,
        -2.146113,
        -2.859546,
        -4.770853
      ]
    }
  },
  "LLM": {
    "0.237": {
      "mean": -1.490738,
      "std": 0.290738,
      "scores": [
        -1.153022,
        -1.490816,
        -1.522525,
        -2.004778,
        -1.282551
      ]
    },
    "0.376": {
      "mean": -2.00024,
      "std": 0.292495,
      "scores": [
        -1.483965,
        -2.270616,
        -1.874924,
        -2.143914,
        -2.227782
      ]
    },
    "0.596": {
      "mean": -1.772991,
      "std": 0.218582,
      "scores": [
        -1.527423,
        -1.499449,
        -1.894074,
        -1.901695,
        -2.042316
      ]
    },
    "0.946": {
      "mean": -2.673291,
      "std": 0.313033,
      "scores": [
        -2.877206,
        -2.437736,
        -3.033623,
        -2.185665,
        -2.832227
      ]
    },
    "1.500": {
      "mean": -3.039067,
      "std": 0.322634,
      "scores": [
        -2.758307,
        -3.084097,
        -2.605004,
        -3.489912,
        -3.258013
      ]
    },
    "2.379": {
      "mean": -3.611673,
      "std": 0.519656,
      "scores": [
        -3.532204,
        -4.086726,
        -2.949754,
        -4.312563,
        -3.177116
      ]
    },
    "3.773": {
      "mean": -3.804661,
      "std": 0.569513,
      "scores": [
        -3.933786,
        -4.000889,
        -2.686307,
        -4.174677,
        -4.227648
      ]
    },
    "5.983": {
      "mean": -4.149913,
      "std": 0.841178,
      "scores": [
        -4.632195,
        -4.658265,
        -2.503617,
        -4.724365,
        -4.231124
      ]
    },
    "9.490": {
      "mean": -4.632528,
      "std": 0.544149,
      "scores": [
        -3.681923,
        -5.325003,
        -4.942138,
        -4.598527,
        -4.61505
      ]
    }
  },
  "Remy": {
    "0.237": {
      "mean": -2.286847,
      "std": 0.0,
      "scores": [
        -2.286847
      ]
    },
    "0.376": {
      "mean": -1.636787,
      "std": 0.0,
      "scores": [
        -1.636787
      ]
    },
    "0.596": {
      "mean": -1.025336,
      "std": 0.0,
      "scores": [
        -1.025336
      ]
    },
    "0.946": {
      "mean": -0.560461,
      "std": 0.0,
      "scores": [
        -0.560461
      ]
    },
    "1.500": {
      "mean": -0.190868,
      "std": 0.0,
      "scores": [
        -0.190868
      ]
    },
    "2.379": {
      "mean": -0.709762,
      "std": 0.0,
      "scores": [
        -0.709762
      ]
    },
    "3.773": {
      "mean": -1.062087,
      "std": 0.0,
      "scores": [
        -1.062087
      ]
    },
    "5.983": {
      "mean": -1.72469,
      "std": 0.0,
      "scores": [
        -1.72469
      ]
    },
    "9.490": {
      "mean": -2.388804,
      "std": 0.0,
      "scores": [
        -2.388804
      ]
    }
  },
  "PPO": {
    "0.237": {
      "mean": -3.480164,
      "std": 0.058754,
      "scores": [
        -3.459799,
        -3.48314,
        -3.417737,
        -3.417599,
        -3.585567,
        -3.517145
      ]
    },
    "0.376": {
      "mean": -2.689792,
      "std": 0.09634,
      "scores": [
        -2.707493,
        -2.694166,
        -2.501954,
        -2.748216,
        -2.66964,
        -2.817281
      ]
    },
    "0.596": {
      "mean": -1.867388,
      "std": 0.057284,
      "scores": [
        -1.784337,
        -1.959808,
        -1.844788,
        -1.861069,
        -1.919045,
        -1.835284
      ]
    },
    "0.946": {
      "mean": -1.021976,
      "std": 0.046039,
      "scores": [
        -0.994594,
        -1.021937,
        -0.954704,
        -1.088348,
        -0.999834,
        -1.072442
      ]
    },
    "1.500": {
      "mean": -0.726632,
      "std": 0.014664,
      "scores": [
        -0.749797,
        -0.711436,
        -0.727118,
        -0.71389,
        -0.742022,
        -0.715532
      ]
    },
    "2.379": {
      "mean": -1.137929,
      "std": 0.033212,
      "scores": [
        -1.16367,
        -1.167914,
        -1.171503,
        -1.135781,
        -1.102324,
        -1.086383
      ]
    },
    "3.773": {
      "mean": -1.803743,
      "std": 0.020123,
      "scores": [
        -1.805495,
        -1.823109,
        -1.790408,
        -1.793046,
        -1.834824,
        -1.775579
      ]
    },
    "5.983": {
      "mean": -2.458252,
      "std": 0.019957,
      "scores": [
        -2.464197,
        -2.451169,
        -2.479618,
        -2.45117,
        -2.48093,
        -2.422429
      ]
    },
    "9.490": {
      "mean": -3.113075,
      "std": 0.040237,