{
  "0.237": {
    "link_ppt": 0.237,
    "throughput": 0.14406666666666668,
    "delay": 192.06859464367523,
    "utility": -16.423531964930607,
    "normalized": -0.7450012636276182
  },
  "0.376": {
    "link_ppt": 0.376,
    "throughput": 0.07513333333333333,
    "delay": 175.00848274866834,
    "utility": -17.41459486108708,
    "normalized": -1.7645239819543495
  },
  "0.596": {
    "link_ppt": 0.596,
    "throughput": 0.23586666666666667,
    "delay": 183.3310178106079,
    "utility": -14.794249083478174,
    "normalized": -1.1276320587062627
  },
  "0.946": {
    "link_ppt": 0.946,
    "throughput": 0.0857,
    "delay": 172.3641860923787,
    "utility": -17.002484390700797,
    "normalized": -2.5403640487179167
  },
  "1.5": {
    "link_ppt": 1.5,
    "throughput": 0.07523333333333333,
    "delay": 150.6834886906813,
    "utility": -16.82098118904278,
    "normalized": -2.9971722333721895
  },
  "2.379": {
    "link_ppt": 2.379,
    "throughput": 0.2848,
    "delay": 169.24450456280644,
    "utility": -14.435633911061537,
    "normalized": -2.2433574785858617
  },
  "3.773": {
    "link_ppt": 3.773,
    "throughput": 1.0415666666666668,
    "delay": 177.36732160828362,
    "utility": -11.712568397271697,
    "normalized": -1.4547320024870534
  },
  "5.983": {
    "link_ppt": 5.983,
    "throughput": 1.0642,
    "delay": 182.03021018507175,
    "utility": -13.514087194288722,
    "normalized": -1.9202361404613488
  },
  "9.49": {
    "link_ppt": 9.49,
    "throughput": 2.1112,
    "delay": 178.3076986519427,
    "utility": -10.383083104154284,
    "normalized": -1.6758575143371146
  }
}