{
  "0.23700000000000002": {
    "normalized": -1.1969516054074067,
    "link_mbps": 2.37
  },
  "0.376": {
    "normalized": -1.8269590284160389,
    "link_mbps": 3.76
  },
  "0.596": {
    "normalized": -1.07878572017322,
    "link_mbps": 5.96
  },
  "0.946": {
    "normalized": -1.3534037530888239,
    "link_mbps": 9.459999999999999
  },
  "1.5": {
    "normalized": -1.1303658343491854,
    "link_mbps": 15.0
  },
  "2.379": {
    "normalized": -1.1356732442271467,
    "link_mbps": 23.79
  },
  "3.7730000000000006": {
    "normalized": -1.5123096019807578,
    "link_mbps": 37.730000000000004
  },
  "5.983": {
    "normalized": -1.7120199611876765,
    "link_mbps": 59.83
  },
  "9.49": {
    "normalized": -1.7707772451653965,
    "link_mbps": 94.9
  }
}