{
  "0.23700000000000002": {
    "normalized": -3.0100387024593793,
    "link_mbps": 2.37
  },
  "0.376": {
    "normalized": -1.828263177808432,
    "link_mbps": 3.76
  },
  "0.596": {
    "normalized": -2.1790291069273766,
    "link_mbps": 5.96
  },
  "0.946": {
    "normalized": -9.449485939837468,
    "link_mbps": 9.459999999999999
  },
  "1.5": {
    "normalized": -10.807648237780054,
    "link_mbps": 15.0
  },
  "2.379": {
    "normalized": -3.287061351853609,
    "link_mbps": 23.79
  },
  "3.7730000000000006": {
    "normalized": -3.735681788421524,
    "link_mbps": 37.730000000000004
  },
  "5.983": {
    "normalized": -6.56362352561993,
    "link_mbps": 59.83
  },
  "9.49": {
    "normalized": -4.403893348045583,
    "link_mbps": 94.9
  }
}