{
  "0.23700000000000002": {
    "normalized": -1.684214480892088,
    "link_mbps": 2.37
  },
  "0.376": {
    "normalized": -1.996091888518822,
    "link_mbps": 3.76
  },
  "0.596": {
    "normalized": -1.1395089584241282,
    "link_mbps": 5.96
  },
  "0.946": {
    "normalized": -4.652909750684351,
    "link_mbps": 9.459999999999999
  },
  "1.5": {
    "normalized": -4.974778349441094,
    "link_mbps": 15.0
  },
  "2.379": {
    "normalized": -8.372298677385539,
    "link_mbps": 23.79
  },
  "3.7730000000000006": {
    "normalized": -2.8504608816903767,
    "link_mbps": 37.730000000000004
  },
  "5.983": {
    "normalized": -4.207902517616253,
    "link_mbps": 59.83
  },
  "9.49": {
    "normalized": -0.8086394372691768,
    "link_mbps": 94.9
  }
}