{
  "1": {
    "throughput": 0.66665,
    "delay": 158.53955626447853,
    "utility": -12.419862022334879,
    "normalized": -0.4608589428426551
  },
  "2": {
    "throughput": 0.44123999999999997,
    "delay": 184.16706801527175,
    "utility": -14.070794067774363,
    "normalized": -1.0328791719761612
  },
  "5": {
    "throughput": 0.43178,
    "delay": 204.26620042845215,
    "utility": -15.487729754260243,
    "normalized": -1.299102627493579
  },
  "10": {
    "throughput": 0.66381,
    "delay": 224.22366243875913,
    "utility": -14.294096486013691,
    "normalized": -1.097598305533553
  },
  "20": {
    "throughput": 0.7780900000000001,
    "delay": 197.75833527555287,
    "utility": -14.302224548925727,
    "normalized": -1.1216294230749932
  },
  "50": {
    "throughput": 0.6908299999999999,
    "delay": 184.98812475770586,
    "utility": -15.30560948380645,
    "normalized": -1.2200711750702367
  },
  "100": {
    "throughput": 0.7901199999999999,
    "delay": 176.66814196057535,
    "utility": -16.800230581488645,
    "normalized": -1.3300491167227224
  }
}